{
  "job": "d94n6clgc6cc73ffas6g",
  "thetas": [
    0.0,
    0.3490658503988659,
    0.6981317007977318,
    1.0471975511965976,
    1.3962634015954636,
    1.7453292519943295,
    2.0943951023931953,
    2.443460952792061,
    2.792526803190927,
    3.141592653589793
  ],
  "ps_hw": [
    0.4580078125,
    0.4150390625,
    0.37890625,
    0.3369140625,
    0.2763671875,
    0.2451171875,
    0.173828125,
    0.1650390625,
    0.1982421875,
    0.25
  ]
}