Variable,Coefficient,StdErr,t,P>|t|
const,0.007935937377237492,0.002501415904877492,3.1725781233593615,0.00314063440081936
DGS10_Change,-0.005171474422116641,0.028224310938706573,-0.18322765906835747,0.8556767184176778
FEDFUNDS_Change,-0.034928108372405835,0.011446826464651703,-3.0513355365581325,0.004327720695786352
Event: 2025 Tariffs,0.011113629258350313,,1.0,
