Scenario,mean,std,min,max,prob_>=7%
Bull,0.053790183843221324,0.26447395329336343,-0.6375671906485759,1.5504472556148472,0.4265
Base,0.03696556635427685,0.2578443294348275,-0.6425389507402507,1.4623507514783485,0.4005
Bear,-0.011041226356096724,0.2488608396952169,-0.6048624404427524,1.284562150193726,0.3257
Tail,-0.11364206276619283,0.2224451123899918,-0.6827301432109829,1.6592912159084985,0.1891
